﻿<?xml version="1.0" encoding="utf-8"?>
<Session SID="2593" BitFlags="19">
  <SessionTimers ClientConnected="2019-02-08T07:34:24.5842306-05:00" ClientBeginRequest="2019-02-08T07:48:58.4237978-05:00" GotRequestHeaders="2019-02-08T07:48:58.4237978-05:00" ClientDoneRequest="2019-02-08T07:48:58.4237978-05:00" GatewayTime="0" DNSTime="0" TCPConnectTime="0" HTTPSHandshakeTime="0" ServerConnected="2019-02-08T07:34:24.7695703-05:00" FiddlerBeginRequest="2019-02-08T07:48:58.424299-05:00" ServerGotRequest="2019-02-08T07:48:58.424299-05:00" ServerBeginResponse="2019-02-08T07:48:59.8383846-05:00" GotResponseHeaders="2019-02-08T07:48:59.8383846-05:00" ServerDoneResponse="2019-02-08T07:49:00.0238895-05:00" ClientBeginResponse="2019-02-08T07:49:00.0238895-05:00" ClientDoneResponse="2019-02-08T07:49:00.024391-05:00" />
  <PipeInfo CltReuse="true" Reused="true" />
  <SessionFlags>
    <SessionFlag N="x-egressport" V="49639" />
    <SessionFlag N="x-responsebodytransferlength" V="12,519" />
    <SessionFlag N="x-clientport" V="49621" />
    <SessionFlag N="x-clientip" V="127.0.0.1" />
    <SessionFlag N="x-serversocket" V="REUSE ServerPipe#4" />
    <SessionFlag N="x-hostip" V="192.225.209.8" />
    <SessionFlag N="x-processinfo" V="chrome:11512" />
  </SessionFlags>
</Session>