﻿<?xml version="1.0" encoding="utf-8"?>
<Session SID="2877" BitFlags="19">
  <SessionTimers ClientConnected="2019-02-08T07:36:24.0827292-05:00" ClientBeginRequest="2019-02-08T07:50:20.1258954-05:00" GotRequestHeaders="2019-02-08T07:50:20.1258954-05:00" ClientDoneRequest="2019-02-08T07:50:20.1258954-05:00" GatewayTime="0" DNSTime="0" TCPConnectTime="0" HTTPSHandshakeTime="0" ServerConnected="2019-02-08T07:36:24.1779823-05:00" FiddlerBeginRequest="2019-02-08T07:50:20.1263968-05:00" ServerGotRequest="2019-02-08T07:50:20.1268989-05:00" ServerBeginResponse="2019-02-08T07:50:21.5457211-05:00" GotResponseHeaders="2019-02-08T07:50:21.5457211-05:00" ServerDoneResponse="2019-02-08T07:50:21.7314857-05:00" ClientBeginResponse="2019-02-08T07:50:21.7314857-05:00" ClientDoneResponse="2019-02-08T07:50:21.7319667-05:00" />
  <PipeInfo CltReuse="true" Reused="true" />
  <SessionFlags>
    <SessionFlag N="x-egressport" V="49884" />
    <SessionFlag N="x-responsebodytransferlength" V="12,595" />
    <SessionFlag N="x-clientport" V="49878" />
    <SessionFlag N="x-clientip" V="127.0.0.1" />
    <SessionFlag N="x-serversocket" V="REUSE ServerPipe#473" />
    <SessionFlag N="x-hostip" V="192.225.209.8" />
    <SessionFlag N="x-processinfo" V="chrome:11512" />
  </SessionFlags>
</Session>