﻿<?xml version="1.0" encoding="utf-8"?>
<Session SID="2025" BitFlags="19">
  <SessionTimers ClientConnected="2019-02-11T06:10:06.0050618-05:00" ClientBeginRequest="2019-02-11T06:21:23.3939424-05:00" GotRequestHeaders="2019-02-11T06:21:23.3939424-05:00" ClientDoneRequest="2019-02-11T06:21:23.3939424-05:00" GatewayTime="0" DNSTime="0" TCPConnectTime="0" HTTPSHandshakeTime="0" ServerConnected="2019-02-11T06:10:58.3717768-05:00" FiddlerBeginRequest="2019-02-11T06:21:23.3939424-05:00" ServerGotRequest="2019-02-11T06:21:23.3939424-05:00" ServerBeginResponse="2019-02-11T06:21:24.744253-05:00" GotResponseHeaders="2019-02-11T06:21:24.744253-05:00" ServerDoneResponse="2019-02-11T06:21:24.9230188-05:00" ClientBeginResponse="2019-02-11T06:21:24.9230188-05:00" ClientDoneResponse="2019-02-11T06:21:24.9235234-05:00" />
  <PipeInfo CltReuse="true" Reused="true" />
  <SessionFlags>
    <SessionFlag N="x-egressport" V="55669" />
    <SessionFlag N="x-responsebodytransferlength" V="13,219" />
    <SessionFlag N="x-clientport" V="55349" />
    <SessionFlag N="x-clientip" V="127.0.0.1" />
    <SessionFlag N="x-serversocket" V="REUSE ServerPipe#12" />
    <SessionFlag N="x-hostip" V="192.225.209.8" />
    <SessionFlag N="x-processinfo" V="chrome:1620" />
  </SessionFlags>
</Session>