﻿<?xml version="1.0" encoding="utf-8"?>
<Session SID="3069" BitFlags="19">
  <SessionTimers ClientConnected="2019-02-11T06:10:23.8324121-05:00" ClientBeginRequest="2019-02-11T06:25:20.97697-05:00" GotRequestHeaders="2019-02-11T06:25:20.97697-05:00" ClientDoneRequest="2019-02-11T06:25:20.97697-05:00" GatewayTime="0" DNSTime="0" TCPConnectTime="0" HTTPSHandshakeTime="0" ServerConnected="2019-02-11T06:11:00.7168163-05:00" FiddlerBeginRequest="2019-02-11T06:25:20.97697-05:00" ServerGotRequest="2019-02-11T06:25:20.97697-05:00" ServerBeginResponse="2019-02-11T06:25:22.4481428-05:00" GotResponseHeaders="2019-02-11T06:25:22.4481428-05:00" ServerDoneResponse="2019-02-11T06:25:22.6262101-05:00" ClientBeginResponse="2019-02-11T06:25:22.6262101-05:00" ClientDoneResponse="2019-02-11T06:25:22.6267278-05:00" />
  <PipeInfo CltReuse="true" Reused="true" />
  <SessionFlags>
    <SessionFlag N="x-egressport" V="55680" />
    <SessionFlag N="x-responsebodytransferlength" V="12,824" />
    <SessionFlag N="x-clientport" V="55607" />
    <SessionFlag N="x-clientip" V="127.0.0.1" />
    <SessionFlag N="x-serversocket" V="REUSE ServerPipe#26" />
    <SessionFlag N="x-hostip" V="192.225.209.8" />
    <SessionFlag N="x-processinfo" V="chrome:1620" />
  </SessionFlags>
</Session>